source,target,weight
,@A-ThachThiThanhLam,1
,@Datt_Mickey,1
,@HanMy-u4s,1
,@HanPhan-s5v,1
,@Jindayy-02,1
,@KhanhBang-09-k6y,1
,@Linh-NNL,1
,@Meodamdang,1
,@MyHai-u8v,1
,@RonalLinh,1
,@TA-00k,1
,@anhtoanphan2854,1
,@chuongphan3726,1
,@dannychannel487,1
,@groupausencon1930,1
,@haunguyen-fj1mt,1
,@khoitv4977,1
,@lekimloan99,1
,@minhtri9582,1
,@mye292,1
,@thanhathuynh9697,1
,@thanhtanphan06,1
,@votanan420,1
,@xuantruongtran6313,1
@-A-VANUAN,@Nhan-Hoang,1
@-TrinhThanhDanh,@xuyentabao,1
@10nămsauđổitên,@leluan262,1
@14.kimhuyen49,@phátkotuổi,1
@14.kimhuyen49,@ĐứcVũ-q5t8l,1
@14nguyenngan37,@LanHoàng-x4z,1
@18.nguyenhuunhan60,@Khang-u5v4u,1
@18.nguyenhuunhan60,@Quynhnhu2k,1
@18.nguyenhuunhan60,@Triao-ti2tx,1
@18.nguyenhuunhan60,@TrọngTínHuỳnh-q5w,1
@18.nguyenhuunhan60,@anhtyhon5183,1
@18.nguyenhuunhan60,@hoanganhtran8161,1
@18.nguyenhuunhan60,@laundry9335,1
@18.nguyenhuunhan60,@longvo9028,1
@18.nguyenhuunhan60,@lpmusic8d833,1
@18.nguyenhuunhan60,@nguyencung1047,1
@18.nguyenhuunhan60,@userhuynh,1
@18.nguyenhuunhan60,@vocuong3655,1
@18.nguyenhuunhan60,@votanan420,1
@2012Ngan-j3e,@MinhHoangTran-xk2tr,1
@21.thithu13,@khanhnguyen5969,1
@22-nguyengianguyen12,@MobileRealme-md4lb,1
@27chauphuoctan26,@Chu7bem,1
@2k7gaming,@buthienlenvanoi166,2
@2k7gaming,@phamduyofficial7680,1
@30.duythong87,@phuctoan674,1
@37.tranquangvinh36,@HuyLe-sj2mb,1
@37.tranquangvinh36,@ĐịnhHoàng-i8s,1
@38.nguyeninhanhquan31,@boomieesnguyen3634,1
@5.trandu,@phamnguyennhuquynh3296,1
@746.HuỳnhThịKimNgân,@28trongminh87,1
@99vuviking35,@fanchihannguyen,1
@ABCDEGF09,@KhangPhạm-z4i,1
@Amoi11202,@khanhtran-sv4bh,1
@Amoi11202,@luccaungang8480,1
@AnNguyen-fq2rm,@TâmVõMinh-o8m,1
@AnNguyen-lc9rn,,2
@AnNguyen-sc7xr,@chankieu6010,1
@AnhHeiu,@28trongminh87,1
@AnhHeiu,@Tuankietpmf,1
@AnhMỹ-k3p,@Chu7bem,1
@AnhNguyen-pw7ng,@MyLê-w3q,1
@AnhtuanNguyen-id5jt,@gióbấc-w2z,1
@AwsWwr,@truongkhokhao8590,1
@BaBùi-z4y7r,@MèoCon-l2v,1
@BaBùi-z4y7r,@hienchauthanh8190,1
@BaBùi-z4y7r,@maiizangg,1
@BaoNguyenHoangThien,@Reviewxaloo,1
@Baoleaderanime,@MinhHoangTran-xk2tr,1
@Baoluu604,@PhuNguyen-i5l,1
@BiBin-g8k,@ucHieuTran-lb5en,1
@BicNgoc28_,@PhanDucAnh,2
@BicNgoc28_,@nguyenxuanuc224,1
@BichnganDiep,@manhdomino7771,1
@BietKo-sv9ms,@TênNguyễnThịẨnTên,1
@BipDiu,@KhanhBang-09-k6y,1
@BluciKiet,@ĐôngTrần-t2d,1
@Bonhai-o4k,@TomPCxThienPhu,2
@BroMy-e5t,@huyduong-rj8oz,1
@BácBaPhi-213,@chitoannguyen1324,2
@BéHà-h7u,@Diepnhikhucvlog,1
@BéNhi-e8z,@Diepnhikhucvlog,1
@BùidungBùidung-e7w,@nguysilshdn7419,1
@Bảo-n8i,@groupausencon1930,1
@Bảo-n8i,@tinhphamvan742,1
@BảoKhang-t4r,@truongkhokhao8590,1
@BảoTiếnDương-g3f,@phampham5178,1
@BảoVăn-p6t,@ChanhVo-nu3rj,1
@CafuThai-z9y,@cucxilau1432,1
@Camcam-fu4wl,@DuongVu-6696,1
@Camcam-fu4wl,@duyphong6307,1
@Cancer221,@Songyaxuan-8jx,1
@CaothangDo-o6f,@T189,1
@Chanbedu999,@ngatran8145,1
@ChanhVominhchanh,@thanhathuynh9697,1
@ChessManFcM,@PhátLộcTrần-c6c,1
@ChiNguyen-xj1ji,@truongcontainer5528,1
@Chnkhnqq_pd,@TienHai-n3p,2
@ChuThu-k5r,@hanicrochet94,1
@Chubenguoitay,@thaithai8774,1
@Chuthanlanbenho,@vongocphu7642,1
@ChuyềnMinh-u8m8p,@vuongvu8801,1
@ChâuMinhNguyệt6.0,@DuongDuong-cover,1
@ChíthảoNguyễn-j8r,@bắpcảitím-k4m,1
@ChúcNgọc-z5e,@TaiLezx,1
@CongVo-s8b,@Cogaithang9,1
@Cotruongsaok,@ChanhVo-nu3rj,1
@CristianoRonaldo-kk5ff,@pthuong537,1
@Cuocdoidwp,@hoangtram8126,1
@Cuoixiuluontv,@banhxeo007,1
@CuongNguyen-hs2rb,@dannychannel487,1
@CuongNguyen-hs2rb,@thejokerxXx,1
@CuongTran-tg6tk,@ongtan6354,1
@Cuong__1989,@pthuong537,1
@Cuong__1989,@viettran6647,1
@CutiNgoc,@123hihi-d3t,1
@CutiNgoc,@BeletnhỏBông,1
@CutiNgoc,@Nguoivuive1234,1
@CutiNgoc,@giangkaiser,1
@CutiNgoc,@whalewolf9148,1
@DangVo-kt1nf,@YếnĐặng-x7w,1
@DatDo-w4l,@xuannechanel5894,1
@DatLe31760,@tienthuy7814,1
@DiemNeang-x5w,@Diepnhikhucvlog,1
@DiemPhuc207,@Nhatkysinhtontv,1
@DiepHoang-ps4wp,@13.phucvanuc47,1
@DiepHoang-ps4wp,@Naomi23-sd3,1
@Diepnhikhucvlog,@MinhRashford269,1
@DinhkhaiGDVN,@aicabin4204,1
@DinhkhaiGDVN,@ntk2407,1
@DungLiu,@khanhoanho6214,1
@DungTruong-jc7hj,@TrọngTínHuỳnh-q5w,1
@DuongDao-x7s,@taihuu7559,1
@DuongNguyen-vu6cl,@NguyenNhatHao2006,1
@DuongTran-jl7ob,@Moitv-h8w,1
@DuongTran-jl7ob,@NgocAnhNghiaoan-ol7mo,1
@DuongVu-6696,@HuyNguyen-qk6lt,1
@DuongVu-6696,@LongNguyenlong-tu8cg,1
@DuongVu-6696,@canhcutconn,1
@DuongVu-6696,@votanan420,1
@DuongVu6696-us2-n,@NguyenNhatHao2006,1
@DuongVu6696-us2-n,@mavantien1500,1
@DuongVu6696-us2-n,@tungvlog4756,1
@DuongVu6696-us2-w,@np2252,1
@DuongVu6696-us2-w,@tranhoangvietanh4481,3
@Duongff-e6h,@ChứaNguyễn-m5v,1
@DuyKhangTrần-y6b,@Xuanhung15hp,1
@DuyKhánh-m2y,@CậuÚt36,1
@DuyKhánh-m2y,@bebong2605,1
@DuyKhánh-m2y,@dorillaslingshot,1
@DuyNguyen-dj9jt,@khanhphan2k10,1
@DuyNguyen-wf1ok,@DelightMunch,1
@DuyNguyen-xy1qd,@TháiNgu-e2l,1
@DuyenMy-lx1el,@TuanAnhNguyen-fv3wz,1
@DuyinhKhanh-om5dc,@bnchan2k2,1
@DuyyKhanng,@thanhat2701,1
@Dưkhou,@oanhcovo4564,1
@DưongTấn-f3q,@KhuongThái-c9u,1
@DưongTấn-f3q,@chuongvo9406,1
@DươngThùy-l1d,@NgânNguyễn-s1b9m,1
@DễNguyễn-NHD,,1
@EdHf-du4jd,@liênbích-q3j,1
@FfAcchack-ih9ku,@plantsvsbranrot,1
@FuNGAMING1511,@ThantKanh,1
@FuNGAMING1511,@phucfake6237,1
@GgGgg-of6bi,@LLT_CML,1
@GiaBảoPhùng-n3y,@yocutee9013,1
@GiaKhangNguyễnHoàng-m9d,@nguyensanhkhoii5745,1
@Giahuy25th8,@LựcSlingshot,1
@Giahuynauan,@nguyenhungthinh1939,1
@GiangDuong-p6f,@HàNhậtThiên-n3r,1
@GiangLe-sw8cg,@MinhpreGamer,1
@GiaânTrương-m9b,@Cookingwithme207-2,1
@Gingthingocloan,@TuyếtTrần-d5b,1
@Goku_chan737,@VanvinhTruong-d2m,1
@HIẾUVũMinh-m9k,@keith.daniels,1
@HKTVMIN,@quoc_anh8789,1
@HUY-TBE,@HuyLe-sj2mb,1
@HUY-TBE,@NgânNguyễn-s1b9m,1
@HUY-TBE,@truongcontainer5528,1
@HUYGATO,@iamtiendung,1
@HaiHao-bz5gg,@np2252,1
@HaiNguyen-th5zw,@CậuÚt36,1
@HaiTran-fw9wc,@ToanTran-qj8gl,1
@HaiTran-fw9wc,@sangpham3039,1
@Handmade-crafts-2007,@Cattuong-ne,1
@HaoLe-og9nl,@ThựcPhạm-h1u,1
@Happy2193,@-anhle2479,1
@Happy2193,@QuyenVungoc-n2b,1
@HaruMCzzz,@HoaNguyễn-f9s2i,1
@HaruMCzzz,@HảiHoàng-n2r8p,1
@HaruMCzzz,@MinhHoangTran-xk2tr,1
@HaruMCzzz,@Valỏanttậpchơi808,1
@HaruMCzzz,@VyyyHxuânvy,1
@HaruMCzzz,@banhkha9784,1
@HaruMCzzz,@bomaydayne,1
@HaruMCzzz,@duongloctaitai4993,1
@HaruMCzzz,@minhtruongnguyen9686,1
@HaruMCzzz,@nhuyxubii9623,1
@HaruMCzzz,@tienthuy9269,1
@HaruMCzzz,@tuanthanh19213,1
@HaruMCzzz,@xuanhoang8049,1
@HaruMCzzz,@xubasi,1
@HaruMCzzz,@黃明林-n9v,1
@HauHau-np6fu,@MobileDe-z3r,1
@HauPham-wb4ms,@LLT_CML,1
@Hazzzzz33,@tienthanh7469,1
@Helllloman_2004,@VanvinhTruong-d2m,1
@HhhhHhhh-j1x,@Tuankietpmf,1
@HienHoang-nx6zj,@ongsonguyen1394,1
@HienNguyen-k7f3f,@HoangThinh-ToHi,1
@HieuTrong-r6u,@haosua1997,1
@HieuVan-y2i,@thaithanhnguyenngoc8428,1
@Hmh-k6h,@RonalsoCristinal,1
@HoangAnhNgNgoc,@Huongnguyenlt,1
@HoangAnhNgNgoc,@nvbtv6536,1
@HoangLam-i9v,@dannychannel487,1
@HoangNguyen-wv6id,@an4781,1
@HongVanNguyen-t2l,@khiemminecraft19,1
@Hongdao28.6,@BéDiên-4,1
@HoàiNamOffical,@Nguyenanhtuankiet,1
@HoàngDyy,@thanhtungvole7360,1
@HoàngHuy-j9b,@HuyPham-ye5xy,1
@HoàngLê-g9g,@LieuThuy-zr6uo,1
@HoàngNgô-w4l,@gadeptrai35,1
@Hstấnđạt,@xuanquocnguyen8103,1
@HuaNhu-e4c,@uthainguyen1986,1
@HungLoveZata,@DuongDuong-cover,1
@HungPham-tr6uq,@TuyếtÁnh-o7y,1
@Hunglofi7108,@QuyenVungoc-n2b,1
@HuongNguyen-vp9un,@the.anh.1238,1
@HuuNghia-w8l,@BangKhanh-kb6wc,1
@HuyGia-l2f,@Thanhbinhbui2003,2
@HuyGia-l2f,@ThoaiNguyen-vt2nu,1
@HuyHoàng-ANH,@Camcam-fu4wl,1
@HuyLeo203,@2k7gaming,1
@HuyLeo203,@Aaembe,1
@HuyLeo203,@CafeCao-d9u,1
@HuyLeo203,@HieuHoang-mu9oi,1
@HuyLeo203,@Hippuuu,1
@HuyLeo203,@Junies10,1
@HuyLeo203,@Mie_nyaa,1
@HuyLeo203,@NghĩaTrương-b1j,1
@HuyLeo203,@PhamDuc1294,1
@HuyLeo203,@QuangTran-p5f,1
@HuyLeo203,@TuyenNguyen-wy7rc,1
@HuyLeo203,@VannThuyy-yk9ry,1
@HuyLeo203,@_HuynhPhucLinh,1
@HuyLeo203,@baoo9285,1
@HuyLeo203,@boxadmin243,1
@HuyLeo203,@cuongnguyen6805,1
@HuyLeo203,@dungpham-tb3ii,1
@HuyLeo203,@hoasamthi9428,1
@HuyLeo203,@khamphavungbien86,1
@HuyLeo203,@ngantranthibich6374,1
@HuyLeo203,@nguoisinhton167,1
@HuyLeo203,@nguyenquoctrongcr,1
@HuyLeo203,@nguyentatluandanny,2
@HuyLeo203,@nht1823,1
@HuyLeo203,@quoctrungnguyen1670,1
@HuyLeo203,@sg9999-v8h,1
@HuyLeo203,@trieutam7844,1
@HuyLeo203,@tuanductran4546,1
@HuyLeo203,@vyhoa6397,1
@HuyNguyen-su2di,@ongtan6354,1
@HuyPhạm-j2p4q,@the.anh.1238,1
@HuyenLe-lg7bf,@XuyenLe-t2q,1
@HuyenNguyen-nu2kz,@My0000-q6z,1
@HuyenNguyen-nu2kz,@phamnguyennhuquynh3296,1
@HuyenNguyen-nu2kz,@trangchannel3293,1
@HuỳnhTubevlogs,@Baonam-0512,1
@HuỳnhTubevlogs,@KietNguyen-js1wv,1
@HuỳnhTubevlogs,@lehong3790,1
@HuỳnhTubevlogs,@philogiv,1
@Hàngbãigiátốt,@HàLê-s1w,1
@Hàngbãigiátốt,@Naomi23-sd3,1
@Hàngbãigiátốt,@Nguyenthao-ek9sj,1
@Hàngbãigiátốt,@TuanAnhNguyen-fv3wz,1
@Hàngbãigiátốt,@aoduong8335,1
@Hàngbãigiátốt,@khango1374,1
@Hàngbãigiátốt,@kientran-cu1tj,1
@Hàngbãigiátốt,@minhhnhatt01,1
@Hàngbãigiátốt,@nganpham4819,1
@Hàngbãigiátốt,@nguyengia1254,2
@Hàngbãigiátốt,@nguyenthimyhau7362,1
@Hàngbãigiátốt,@tienphamtv4008,1
@HânMỹ-y5y,,1
@HùngNguyễnTiến-r2c1u,@kydkj1778,1
@HạnhNguyênQuách,@HoangThinh-ToHi,1
@HạnhNguyênQuách,@ThiệnPhước-u2l,1
@Hậu-xS,@MaiDuong-r2c,1
@HồngTươi-c6r,@Lamchanhuy335,1
@Ilovehutao.123,@NguyenHuy-or1sq,1
@Ilyu3zvanq,@Cattuong-ne,1
@IsacLienghot,@HoaiLinhNgo-r8h,1
@Iồnnnnn-f2u,@NgHiếu_13,1
@Jahhuy,@MyLê-w3q,1
@JaneTransn,@phbichduyen0457,1
@JourneysandJots,@NguyenDuyKhangg,1
@Karr_Tun,@mychau2486,1
@KatarinaDeathLotusLethalTempo,@TuyếtÁnh-o7y,1
@KatarinaDeathLotusLethalTempo,@soloadventure8x,1
@KeyK700,@nguyensanhkhoii5745,1
@Kffjfjfjc,@PhuocCap-n2f,1
@Khacuckeo,@truongkhokhao8590,1
@KhaiDinh-j5d4k,@shopkennyj97,1
@KhangHoàng-u6c,@Mp-if3tg,1
@KhangNguyễn-x8e,@TườngNguyễnLâm-o8d,1
@KhangNguyễn-x8e,@hoadao-p8j,1
@KhangNguyễn-x8e,@octiiuskyz3485,1
@KhangYoutube88,@fanchihannguyen,1
@KhanhNguyen-ep2cu,@groupausencon1930,1
@KhanhTran-lz7cr,@trile899,1
@Khanhver2,@nguyencongdoanh2004,1
@KhiDLu-tk2lg,@tienming8345,1
@KhoaNguyen-yz4gl,@vanvinhk5,1
@KhoaNguyenDan,@rikka-cp9829,1
@KhoaTrinh-mf1se,,1
@KhoiPhung-kw7wi,@TIEN-HUY,1
@KhoiPhung-kw7wi,@smolpp2773,1
@Khuvuonhanhphuc,@the.anh.1238,1
@KhánhMaru-xyz,@KẹoYeuu-w2z,1
@KhảiMinh-d1t,@Diepnhikhucvlog,1
@KietKero_Gamer,,1
@KietKero_Gamer,@BT.ANIME2004,1
@KietKero_Gamer,@TrâmThị-m5f,1
@KietKero_Gamer,@bequan7321,1
@KietKero_Gamer,@bvnvlog4169,1
@KietKero_Gamer,@chankieu6010,1
@KietKero_Gamer,@duyanhtran8554,1
@KietKero_Gamer,@inhthibangtam1077,1
@KietKero_Gamer,@namgaming3308,1
@KietKero_Gamer,@tronghoangnguyen9148,1
@KietKero_Gamer,@vothitruclinh1460,1
@KietNguyen-lj6xc,@123hihi-d3t,1
@KietNguyen-ms8gl,@ThựcPhạm-h1u,1
@KieuHuy-w5i,@quocbaoduong9589,1
@KimNganTran-2310,@NhatCapital,1
@KiệtLu-g7r,@28trongminh87,1
@Kkk-d7p,@C2K-BTN0207,1
@LLT_CML,@NgânNguyễn-s1b9m,1
@LTN122,@PhátNguyễn-r5j9f,1
@LamHồng-k1s,@Pandateddy,1
@LapThanh-cv7ig,@BéDiên-4,1
@LazgtrDuong,@NamVo-g5s,1
@LeKhoi-gk,@nghialu9017,1
@LePhu-tg6uk,@PhongĐại-h3b,1
@LePhu-tg6uk,@weisnguyen2489,1
@LeQuangNhan-A,@nguyensanhkhoii5745,1
@LeThanhAn-pq3gi,@Triao-ti2tx,2
@LeTrong60DN,@vanthaonguyen8640,1
@Ledieu1010,@LQTee,1
@LeinhTatA,@luois2th5,1
@LinhGia-t8f,@teoemvlog-N7,1
@LinhTran-ow4fn,@TaiTran-e2g,1
@LinhTrần-i6s,@hunglethanh7517,1
@Linhle-yq8hx,@ngocan9x,1
@LizC-vz1bj,@groupausencon1930,1
@LiênNguyễn-j9c,@athuynh792,1
@LiênNguyễn-j9c,@quochaily-ep1tx,1
@LongAnh-1232,@CafeCao-d9u,1
@LongHoang-nv8is,@TruonqqNguyenn,1
@LongLe-kp8ek,@nghiatathanhdanh,1
@Long_640,@JskJsjs-qy2ft,1
@Longytbrs,@Lamchanhuy335,1
@Luong_Ng799,@phucvu1411,1
@LuyếnNguyễnvăn-s7s9p,@BảoThế-e6p,1
@LuyếnNguyễnvăn-s7s9p,@LoMi-l5f,1
@LyBé-j6y,@Diepnhikhucvlog,1
@Làngcủatôi,@tienphamtv4008,1
@LâmBùo-d7n4g,@vongocphu7642,1
@LâmNguyễn-i2h,@behailethi2950,1
@Lâmobaoloc,@casautv2990,1
@LộcHoàng-g9n6z,@lpmusic8d833,1
@MOBAKIMOCHI,@GiaGia2415,1
@MOBAKIMOCHI,@HuyLeo203,1
@MOBAKIMOCHI,@VũVũ-t3t4i,1
@MOBAKIMOCHI,@binguyen39799,1
@MOBAKIMOCHI,@tinhphamvan742,1
@MaiThom5794,@Nguoivuive1234,1
@ManhTruong-x7o3c,@manhdomino7771,2
@Manhcuonnng2110,@HoangNguyen-xd5ls,2
@Meodamdang,@Huongnguyenlt,1
@Meodamdang,@Reviewxaloo,1
@Miendoipho,@keith.daniels,1
@MikuNakano-gr9ve,@binhthanh899,2
@MinhHoàng-i6q,@khoaleanh656,1
@MinhNguyen-xq6bn,@DuongDuong-cover,1
@MinhNguyen-xq6bn,@FCSONTUNGMTP0,1
@MinhPhúc-o9t,@NguyenDat14827,1
@MinhThư-i6i,@ongtan6354,1
@Minhbac-zq3bp,,1
@MinhhoLi-q1w,@truongson9861,1
@Minhlain,@NghiaChinh-gy6pc,1
@Minhthuan94,@EhbSgb,1
@MinhucNgoTruong,@trangchannel3293,1
@Miu.miuuu.,@KẹoYeuu-w2z,1
@MobileDe-z3r,@ThếTrần-j7j,1
@MobileQuốcđạt-w4j,@MyLê-w3q,1
@Mrtans0907,@hoanganhtran8161,1
@MuzikWon-o8f,@BảoThế-e6p,1
@MuzikWon-o8f,@nguyenhuutinh1159,1
@My2610Khanh,@VanvinhTruong-d2m,1
@MyHà-f7y,@HungTran-vi1jm,1
@MyNguyen-ug5bl,@PhuocCap-n2f,1
@MyNguyen-ug5bl,@YukiSwRblx,1
@MyNguyen-ug5bl,@tangamin4775,1
@MyNguyen-ug5bl,@thinhphu83,1
@MyNguyen-ug5bl,@tungvlog4756,1
@MyPhan-ez6tg,@NghiaChinh-gy6pc,1
@MyPhan-ez6tg,@PhuongNguyen-hp3ek,1
@Mymy.twinkling,@F22RapTor-Sidewinder,1
@Mymy.twinkling,@Nguoivuive1234,1
@Mymy.twinkling,@TamNguyen93dt,1
@Mymy.twinkling,@taythaiviet9436,1
@Mymy.twinkling,@ucHieuTran-lb5en,1
@MãiTrầncông-l1e,@manhdomino7771,1
@NHDVlogs1332000,@PhucHuynh-d7q,1
@Nam-sr3ew,@binhhoang9495,1
@NamNguyen-rl34,@Ngoccdth,1
@NamThạch-k3k,@idkroblox2010,1
@NgNgoc.00,@GDHOANGCHALLENG,1
@NgNhi_20,@phuctoan674,2
@NgaThanh-i8x,@TâmVõMinh-o8m,1
@NgaVan-b7o,@HoangTran-bn5yd,1
@Ngheoviluhuongrong,@HàHợp-j2f,1
@Ngheoviluhuongrong,@Singleridervn,1
@Ngheoviluhuongrong,@tienming8345,1
@NghiNguyễn-q8z,@Chemms123,1
@NghiaChinh-gy6pc,@hoangkhoilevo8974,1
@NgocAnh-n3s7v,@khanhoanho6214,1
@NgocAnhNguyen-vn8gq,@ongsonguyen1394,1
@NgocNguyen-cf1tj,@boomieesnguyen3634,2
@NgocNguyen-lc6mg,@LienPham-b7v,1
@NgocSangTranThi-gg8wn,@tuthien-y4k,1
@Ngocchau-206,@QuyenVungoc-n2b,1
@Ngochanneeee,@CậuÚt36,1
@Ngonlinh00,@KhangDuy-x3p,1
@Nguoivuive1234,@HieuTran-wn7rp,1
@Nguoivuive1234,@Wyvu,1
@Nguoivuive1234,@dangtho8073,3
@Nguoivuive1234,@dlpigmie354,1
@Nguoivuive1234,@groupausencon1930,1
@Nguoivuive1234,@hunglethanh7517,2
@Nguoivuive1234,@huyphan9957,1
@Nguoivuive1234,@kieunghineee,1
@NguyenAn-xr4rk,@LâmBùo-d7n4g,1
@NguyenHieu-qn8ou,@Cacon-k9,1
@NguyenHieu-qn8ou,@DatTan-w1q,1
@NguyenHieu-qn8ou,@HoangNguyen-xd5ls,1
@NguyenHieu-qn8ou,@LyLich-w2i,1
@NguyenHieu-qn8ou,@LâmthịngọcThúy,1
@NguyenHieu-qn8ou,@NhatNguyenvan-on6uz,1
@NguyenHieu-qn8ou,@cuongnguyen6805,1
@NguyenHieu-qn8ou,@ehpnha09,1
@NguyenHieu-qn8ou,@haru_6571,1
@NguyenHoang-zz9bh,@banhxeo007,1
@NguyenMeo-x7t,@vivutv4416,1
@NguyenNgoc-jl4zg,@phamduyofficial7680,1
@Nguyenminhluan009,@LinhNguyen-s4m4v,1
@Nguyentran26-10,@28trongminh87,1
@Nguyentran26-10,@asobolo666,1
@Nguyentran26-10,@kunquan161,1
@NguyênTrần-d2t,@NghiaChinh-gy6pc,1
@Nguyễn-9-6,@huanminh5555,1
@NguyễnNhựtKhánh-u3w,@phucvu1411,1
@NguyễnTrầnTríDũng,@shlling01,1
@NgânNgân-q9w,@khoitn7209,1
@NgọcGiaHânVõ-f6o,@nguyentien-h8o,1
@NgọcToànNguyễn-z3n,,1
@NgọcÁnhPhan-k4t,@phucvu1411,1
@NhaCaiChauDoc88,@quốckhâm-z9s,1
@NhaCaiChauDoc88,@tienphamtv4008,1
@Nhan-Hoang,@TomPCxThienPhu,1
@NhanNguyen23263,@manuciansnvb9357,1
@NhanhTrầnthị-s6m,@TuyếtTrần-d5b,1
@Nhathochanhtoa,@khoiho262,1
@Nhatkysinhtontv,,1
@Nhatkysinhtontv,@NguyễnthịKiềudiễm-m1m,1
@Nhatkysinhtontv,@ThươngTrươnghoài-n4n,1
@Nhatkysinhtontv,@TilPhạmKimLít,1
@Nhatkysinhtontv,@momentfunny2229,2
@Nhatkysinhtontv,@quangy7283,1
@Nhatkysinhtontv,@returnleader,2
@Nhatkysinhtontv,@tenanhlatuan8,1
@Nhatkysinhtontv,@vietthuongle,1
@Nhatkysinhtontv,@ĐạtPhạm-g9u,1
@Nhd105_dd,@KhangVu-e1i,1
@NhiYen-29066,@LinhKa-e7f,1
@NhiYen-29066,@MOBAKIMOCHI,1
@NhiYen-29066,@Singleridervn,1
@NhiYến-e1d2e,@LQTee,1
@Nhngoctran,@lamhoang4559,1
@NhungNguyen-ld3nb,@nhut1909,1
@NhânNguyễnTrungNhân-j3k,@VyTuong-ig5pv,1
@NhãNguyễnThanh-t1l,@TaiLezx,1
@NhưNguyễn-o5v3l,@huanminh5555,1
@Nicckasang1928,@MinhpreGamer,1
@NoName-fg1er,@TamNguyen-tg7kb,1
@Nonoliveee,@thaithai8774,1
@NoobNooper,@PhúLêHoàng-i4d,1
@NươngVũ-r3x,@minhphuongnguyentran,1
@Ongtrumlq2006,@MauTuyet-o1m,1
@PHÚCHOÀI-w1b,@thaithanhnguyenngoc8428,1
@PTApro2006,@thanhydayy3756,1
@ParisP2706,@luonqtans2,1
@Pdcpham2k2,@ntk2407,1
@PeppaHàiHướcOfficial,@luonqtans2,1
@PevilaoPevilao,@taihuu7559,1
@PhaNguyen-j3e,@Nguyenvu-c7,1
@PhatHung-u7p,@VanvinhTruong-d2m,1
@PhatTruong-fh2cq,@duyenmytran624,1
@Phi...1234,@bobobo1238,1
@PhiBưởiDaXanh,@kuocnguyentivi,1
@PhiBưởiDaXanh,@xuanquocnguyen8103,1
@PhiHoTVj,@Hoangnguyen00,1
@PhongHOANG-ke3nf,@ThiHuongMai-d1v1t,1
@PhongHOANG-ke3nf,@thaithanhnguyenngoc8428,1
@PhongNguyen-g9e2l,@GiàuPhạm-n1b,1
@PhongNguyễn-k1n,@octiiuskyz3485,1
@PhongNhãNguyễn-g9x,@Reviewxaloo,1
@PhongPham-hq4pu,,4
@PhongThế-p1d,@Nguyenthihienthuong1003,1
@PhongThế-p1d,@ThantKanh,1
@PhongTran-q6r,@hoangthanhtra21,1
@PhongTrần-y9l4w,@GiaGia2415,2
@PhucGaming2105,,1
@PhucTran-es1pc,,1
@Phuc_Mai,@DatDoTien-f1b,1
@PhuocHong-ud3nn,@MobileRealme-md4lb,1
@PhuongLai-x1k,@tthien.og6,1
@PhuongNguyen-oz1mp,@casautv2990,1
@PhuongNguyen.16-1gl,@ChanhVo-nu3rj,1
@Phuong_69CM,@90UnclePi,1
@PhátLộcTrần-c6c,@thanhminh1331,1
@PlayGaming557,@TaiLezx,1
@PoVv-n7u,,2
@Ptt0209,@Philvp3,1
@Ptt0209,@thanongtoanhoc4424,1
@PureAccyoutube,@niubhling4942,1
@Qrazz2828,@hoabantaybac959,1
@QuangHải-p9y,@Diepnhikhucvlog,1
@QuangNguyen-kq6xm,@Thịtchónướcmắm,1
@QuangThuậnNguyễn-y1r,@ddhvlog3438,1
@Quangbeso,@hnganh24vlog89,1
@Quanzuno,@YếnĐặng-x7w,1
@Quanzuno,@ab125fi,1
@Quanzuno,@nghialu9017,1
@QuiNguyen-pr6uu,@thaothanh7526,1
@Quisenpai,@trinhcong1010,1
@Quisenpaiz,@NgọcLinh-t3d,1
@QuocNguyenvan-h7d,@MyLê-w3q,1
@QuyTran-kq9sr,@DuyenCam-zy3zf,1
@QuynhAnhPh-pq5il,@ThoaHo30,1
@QuynhNguyenalexa,@hoangggminhhhdeptrai,1
@QuyênNguyễn-m5p1x,@bobobo1238,1
@QuyênTrương-k4r,@NvHieu1102,1
@QuyênTrương-k4r,@cuongnguyen6805,1
@QuốcVinhNguyễn-e8v,@phuctoan674,1
@QuỳnhDanh-x5e,@Naomi23-sd3,1
@RaiKu-l7x,@phampham5178,1
@Rinz4203,@hoangthanhtra21,1
@SNMH09,@LLT_CML,1
@SangBùiThanh-l9z,,1
@SangNguyen-hy3op,@LienNguyen-iw1rj,1
@SeiKa2111,@tuthien-y4k,1
@Sirminman,@muhahahe2899,1
@Sirminman,@nguyenvietthanh501,1
@Sirminman,@shia_2406,1
@Son-Hmin,@TienLe-ns2fu,2
@SonSam-j5l,@TháiNgu-e2l,1
@SvbsLalakumma,@NghiaChinh-gy6pc,1
@SơnLê-m6r1c,@ynhicti2811,1
@SơnLêbăngsơn-z6k,@thangtranviet414,1
@SầuVôLệ-66,@tranhinh7910,1
@T.hung2712,@HoangThinh-ToHi,1
@TTBD71294,@BinhVothanh-j6o,1
@TTT-un4ee,@groupausencon1930,1
@TVTiny-qk7kq,@fanchihannguyen,1
@TaiNguyenvan-zo7wl,@banhxeo007,1
@TaiPham-uq6qf,@FCSONTUNGMTP0,1
@Taianhs1327,@HuỳnhTubevlogs,1
@Taiiz_hiipz,@MobileRealme-md4lb,1
@Tailocqualon209,@luongthua10898,1
@TakakuraKenOkarun,@d.4-h3j,2
@TamLe-vw9ln,@NhatCapital,1
@TanLe-uw4pd,@NghiaChinh-gy6pc,1
@TdLeo-f1b,@NguyenDuyKhangg,1
@Th_chew,@NhutThoai,1
@Th_chew,@tramthi3920,1
@ThachThieuGiang,@GiàuPhạm-n1b,1
@ThaiAnh-j7j2r,@banhxeo007,1
@ThangNguyen-qj5mg,@kietvo-lam-anh287,1
@ThangNguyen-qj5mg,@rikka-cp9829,1
@ThanhDatNgo2009,@MinhHoangTran-xk2tr,1
@ThanhHauLe-hh4mn,@phuongnguyen1473,1
@ThanhLee-tf4ww,@pdvlogs409,1
@ThanhLiêm-2412,@ucanhle5131,1
@ThanhTam-ml1qr,@QuốcChíTrương-t7o,1
@ThanhTam-ml1qr,@hoangsg8006,1
@ThanhTùngLý-p1s,@phuongly8979,1
@ThanhVu-wy6mf,@BÁCCHÍNVLOG,1
@ThanhVu-wy6mf,@thanhgm3654,1
@ThanhmiNgo-bp1ks,@Nhatkysinhtontv,1
@ThanhnguyenTran-arya,@trampham-ut4ug,1
@ThanhnguyenTran-arya,@tuongvytranthi974,1
@Thegioivotri-o5t,@chitoannguyen1324,1
@ThiduyenHa-l4u,@Paka1121,1
@ThienNguyen-ml8bb,@LeUyen-p9d,1
@ThienNguyen-ml8bb,@Zeus36599,1
@Thienan1046,@honghothomnay1986,1
@Thienlaai,@TâmvinhHồ,1
@Thinh1510,@chankieu6010,1
@ThinhNguyên-i7p6s,@NhatCapital,1
@ThiênHuỳnh-m2j,@namvlog8518,1
@ThongHoang-t7u,@tienthuy7814,1
@ThuPham-vh4cb,@NguyenLoc-z2b,1
@Thuan158,@BoTomBop,1
@Thuan158,@DucKingleo,1
@Thuan158,@GocNhoCuaAlanYu,1
@Thuan158,@KHANGNGHIPHẠM-w4v,1
@Thuan158,@MOMO-nc9fb,1
@Thuan158,@binganhoa80,1
@Thuan158,@c20_lethanhtoan45,1
@Thuan158,@hoiphuong5970,1
@Thuan158,@nguyengia1254,1
@ThuanNguyen-ol5qf,@ucanhle5131,1
@Thuhang141,@TrangNguyễn-n5j,1
@ThuhoàiTruong-t8o,@ThuânBui-g8h,1
@ThuongThuy-c4r,@Naomi23-sd3,1
@ThuyLe-uh8mz,@taivlog007,1
@ThyKhanh-hq7is,@diepnguyen4896,1
@ThyKhanh-hq7is,@thanhoscar779,1
@ThyNguyen-n,@anhquynh-nq8hf,1
@TháiDúi-i8c,@SangNguyễn-b2u8z,1
@TháiNguyễn-y2q,@DiCảnhVlog,1
@TháiTú-x3m,@duyenmytran624,1
@ThúyNgôThị-q6m,,2
@Thơ-j1e,@bemewhuhong,1
@ThưNguyễn-o6v9d,@NguyenNhan-jc6cv,1
@ThươngPhamthi-t4r,@Nhatkysinhtontv,1
@ThươngPhamthi-t4r,@viettran6647,1
@ThắngNgô-e5s,@Jackey06zz,1
@ThịHàĐặng-l8s,@DuyPhạm-t2b,1
@Tien-0125,@PhúcVõ-c9r,1
@Tien93dv,@F22RapTor-Sidewinder,1
@TienLuu-o4p,@hoangtram8126,1
@TienNguyen-me4wr,@NgânNguyễn-s1b9m,1
@TienNguyen-me4wr,@lainhan8207,1
@TienNguyen-me4wr,@nht1823,1
@TienNguyen-zw3fs,@thuyvy9713,1
@TienPhan-2005ptt,@truyenhayonline3,1
@TienTran-fc3dv,@teoemvlog-N7,1
@TienTran-kw7tl,@F22RapTor-Sidewinder,1
@TieuVy-s9o,@Copeusau,1
@TinNguyen-bn1db,@ab125fi,1
@TinPham-g9k,@kienontherun1268,1
@TinhNguyen-oy9oe,@tinhvodz,1
@TinhThi-w2o,@hoangtram8126,1
@Toauynghiem,@meley3941,1
@Tobi-Stress,@HuỳnhTubevlogs,1
@ToànThanh-c4z,@HàHợp-j2f,1
@Traiđepphuquoc-666,@nht1823,1
@TranHuyen-c3l,@nhanngo6843,1
@TranTinh-h5m,@LêQuốcThịnh-2014n,1
@TrangKim-x5e,@MobileRealme-md4lb,1
@TrangNguyen-hb1ud,@NTNVlogsNguyenThanhNam1,1
@TriệuPhạmquốc-h1u,@Nguyenvu-c7,1
@TrongtruongNguyen-n3v,@nhathuutv2110,1
@TrungTínhNguyễn-h1s,@phucvu1411,1
@TruongvanThinh-go2ow,@ab125fi,1
@Truyenhay1106,@SangNgô-q3x4s,1
@Truyenhay1106,@mychau2486,1
@Trânthiênkhang,@phucloivo9777,1
@TríLêMinh-v4d,@huuhiepnguyen4050,1
@TrúcThanh-u7i6c,@minhhai4315,1
@TrườngGiangVõ-b8y,@NguyenTai-x7p,1
@TuNguyen-vj7zz,@hoabantaybac959,1
@Tu_Trg,@DoanHai-h4p,1
@Tu_Trg,@DuongNguyen-ey6nu,1
@Tu_Trg,@HảiđăngNguyen-u8r,1
@Tu_Trg,@KimChiHuỳnhThị-v1z,1
@Tu_Trg,@NamNguyen-o1e5h,1
@Tu_Trg,@Namlua35,1
@Tu_Trg,@PhiHùng-j8e,1
@Tu_Trg,@TH-os4mh,1
@Tu_Trg,@atasquocnguyen,1
@Tu_Trg,@auhai3006,1
@Tu_Trg,@baokhongeptrai3137,1
@Tu_Trg,@haongo3088,1
@Tu_Trg,@hoangduyduong5579,1
@Tu_Trg,@hoàiphúnguyễnhuỳnh-m7p,1
@Tu_Trg,@khanhlynemayem,1
@Tu_Trg,@kichieu3278,1
@Tu_Trg,@loithi1375,1
@Tu_Trg,@tranhieucm,1
@Tu_Trg,@trungtrung123-g2h,1
@Tu_Trg,@vaikinh8774,1
@Tu_Trg,@zim9414,1
@Tu_Trg,@阮氏金鸞-s7x,1
@TuanAnh-q1b3f,@ongtan6354,1
@TuanMinh-vn7ux,@HoàngNguyễnĐắc-w5x3k,1
@TuanPhan-pr7go,@haosua1997,1
@TuanTran-db2xh,@bemewhuhong,1
@Tuantitan999,,1
@TuiTenHoanggg,@HuyHoang-zv3qb,1
@TungNguyen-mt2mv,@Ngoccdth,1
@Tuấn-s3t,@namnam2175,1
@TuấnAnh-u1i8k,@Diepnhikhucvlog,1
@TuấnDương1992-blogger,@tramthi3920,1
@TàiNguyễn2005,@casautv2990,1
@TôNgọcKhương,@LienNguyen-iw1rj,1
@TúAnh-l6e,@Mymy.twinkling,1
@TúAnh-l6e,@TriNguyenQuoc2510,1
@TúAnh-l6e,@VuThanh-fu2lk,1
@TúAnh-l6e,@hoaiduong2933,1
@TườngNguyễnLâm-o8d,@XuânThủyCao-q4q,1
@TấntàiNguyễn-p8x,@lekimloan99,1
@TổngNguyễn-i6g,@phuctoan674,1
@UhhIdkMyName,@haosua1997,1
@VanKienTran-f1e,@lamhoang4559,1
@VanPhucVlog17919,@XuânThủyCao-q4q,2
@VanSonPham-rf6lr,,1
@VanVenPhan-oe7yp,@vanvinhk5,1
@Vangdeptrai-le1pc,@minhvlog9820,1
@VanquanPham-ws8ds,@luanminh-o5g,1
@VietNguyen-hq1nh,@GiàuPhạm-n1b,1
@VietVu-t7o,@honghothomnay1986,1
@VietnamRobloxPhongcách,@nguyenthikimtuyen5079,1
@VinhNguyen-cn7dx,@CậuÚt36,1
@VuNguyen-fm6zk,@zhenofficial7722,1
@Vugiaphu-p7l,@nguyencongdoanh2004,1
@VuiNguyễnVăn-y3w,@hwiee55,1
@VyVy03,@groupausencon1930,1
@VyVy03,@kimphung782,1
@VănCảmNguyễn-d2o,@HibyeNVCam,2
@VănKiến-x3m,@ongtan6354,1
@VănVũ-p7w,@Naomi23-sd3,1
@VănduyĐang-g2e,@phamnguyennhuquynh3296,1
@VũNguyễn-v7z,@oanhkim2733,1
@VũPhan-q8q,@Lộc-Ba-Gác,1
@Whrise,@nguyensanhkhoii5745,1
@XuanKieu-i2v,@NoobNooper,1
@XuânNghĩa-f8c,@namphung4301,1
@YChinhHoàng,@ngocnguyenvan6887,1
@YooEdit-,@MaithithuyvanMaithithuyvan,1
@ZMANSY,@NguyenDuyKhangg,1
@Zenlatui0502,@MinhHoangTran-xk2tr,1
@_.vkook_forever9795,@LMCkhang-q1x,1
@_NguyenXuanThi,@nghiatathanhdanh,1
@__NguyenHoangNhan,@nghiatathanhdanh,1
@active3vsmart342,@phamnguyennhuquynh3296,1
@ainee1109,@PhongĐại-h3b,1
@aloneso2710,@TuyếtTrần-d5b,1
@aloneso2710,@tathoan2293,1
@alorfifi,@tuthien-y4k,1
@amcter7571,@DelightMunch,1
@amiihuynh104,@kimphung782,1
@anh-w6270,@DungTran-wi6vw,1
@anhdadensutvodaumnecon,@niubhling4942,1
@anhhoahong4124,@nguyenat8955,1
@anhkimthue3765,@ngantranthibich6374,1
@anhnhacem892,@VũVũ-t3t4i,1
@anhsieunhan985,@Làngcủatôi,1
@annietran-t2g,@HuyLeo203,1
@annthien9440,@TháiNgu-e2l,1
@antrung1028,@TuấnNguyễn-h2p1u,1
@antulatao,@Mymy.twinkling,1
@aoanh1182,@nghialu9017,1
@aoluongthi6112,@VuThanh-fu2lk,1
@aonguyentrungnghia2864,@huanminh5555,1
@asenj8375,@HoangNguyen-xd5ls,1
@astornealaubray,@13.phucvanuc47,1
@atNguyen-bu9ud,@MARCO_VN,1
@atNguyen-bu9ud,@ngocan9x,1
@atNguyen-bu9ud,@truongthinhdo501,1
@atduong7675,@lucats9532,1
@athoongtran3125,@luanminh-o5g,1
@athoongtran3125,@nhanhuu-b1j,1
@atnguyenquoc4615,@Nhatkysinhtontv,1
@atphan5675,@NghĩaNguyễn-k9q3f,1
@atthanh3813,@BéDiên-4,1
@atvoquang6717,@duyphong6307,1
@aug_mh,@quốckhâm-z9s,1
@bangtrinhhuu1680,@truongcontainer5528,1
@baochi5838,@DatVi-c9b,1
@baoduongw223,@giangmeo7806,1
@baohannguyen619,@HieuHoang-mu9oi,1
@baohannguyen619,@VyNguyenphuong-o4u,1
@baohungofficial7225,@namvlog8518,1
@baokuntv2851,@Copeusau,1
@baooan637,@Khanh-ld6oy,1
@baosiudzgia7839,@minhvlog9820,1
@baotran2500,@bongdathegioi-n9e,1
@barvsbetis8269,@bobobo1238,1
@batyoker4253,@ASởVừ-z2l,1
@batyoker4253,@phampham5178,1
@bienlucthuc5652,@tuanvuvan-n7h,1
@bikhoataikhoan1337,@VuThanh-fu2lk,1
@binganhoa80,@taihuu7559,1
@binhnguyen7498,@huutaiquach6648,1
@binhnguyennguyenthai6792,@vongocphu7642,1
@binhthe6578,@ongtan6354,1
@binle6820,@cuong_denn,1
@blankenheim39,@huypham904,2
@bominhtriz,@ongtan6354,1
@boyfriendtv2025,@ongsonguyen1394,1
@buinam2808,@roto9x123,1
@buinam2808,@ucanhle5131,1
@buithanhphu4104,@vytranbao-2k12,1
@bungbg6354,@YếnĐặng-x7w,1
@camtuxinh2710,@Nghĩa-f8w4b,1
@camylethi8830,@TrangNguyễn-n5j,2
@caohaihaha2442,@kimngannguyen3684,1
@caohaihaha2442,@lysausu9029,1
@caohaihaha2442,@tathoan2293,1
@caohaihaha2442,@tinhphamvan742,1
@chankyanh9847,@hienchauthanh8190,1
@chaunhathao9795,@Nhatkysinhtontv,1
@chhvlog6860,,2
@chienn6789,@thanhat8238,2
@chihuynh9165,@MinhHoangTran-xk2tr,1
@chinhnguyen-of3xe,@ngantranthibich6374,1
@chooc3295,@bebong2605,1
@chunghiu6667,@buno868,1
@chuongphan3726,@Nguyenvu-c7,1
@chutamguitarbolero2292,@DatDoTien-f1b,1
@cocasting1823,@buno868,1
@conguyen3301,@vanynguyen-gq2rn,1
@congvan5136,@truongtran2377,1
@cuclam7658,@Nhatkysinhtontv,1
@cuongnguyen-eb4xn,@MinhHoangTran-xk2tr,1
@cuongnhangoi5154,@kiettuan4198,1
@cuongphungquoc7453,@ThanhNguyen-xk2zs,1
@dadsasada,@buthienlenvanoi166,1
@dangchilinh90,@khanhtran-sv4bh,1
@dangphuc2k6,@VũLinhLê-d8m,1
@dangtho8073,@mesach6848,1
@dangtho8073,@tramthi3920,1
@danhnguyen5018,@174channel,1
@danhnguyen5018,@AnTho-ke8vz,1
@danhnguyen5018,@GàbìnhthườngGà,1
@danhnguyen5018,@Kudochishiki,1
@danhnguyen5018,@Vinh1030,1
@danhnguyen5018,@diemquynhphamxuan5756,1
@danhnguyen5018,@hoangthanhdanh2007,1
@danhnguyen5018,@hongkiem6897,1
@danhnguyen5018,@khanhbui30,1
@danhnguyen5018,@lamthanhphuong8942,1
@danhnguyen5018,@longtutieu607,1
@danhnguyen5018,@ninet96,1
@danhnguyen5018,@phanogf2001,1
@danhnguyen5018,@thanghang5958,1
@danhnguyen5018,@thuannguyentran2901,1
@danhnguyen5018,@thunguyenthu5352,1
@danhnguyen5018,@truong777,1
@danhnguyen5018,@tuanvuvan-n7h,1
@danhnguyen5018,@zatatrum2830,1
@danhvo3244,@truongkhokhao8590,1
@danthanh8259,@kyomaxx2609,1
@dantiktok2300,@huuhiepnguyen4050,1
@datxike173,@hoangthanhtra21,1
@diamondsport3733,@Fast-kun,1
@diamondsport3733,@Giovamay945,1
@diamondsport3733,@HaTran-yi8pc,1
@diamondsport3733,@hoangkhoilevo8974,1
@diamondsport3733,@oanhkim2733,1
@diamondsport3733,@shusosad3740,1
@diamondsport3733,@user-um4kj6pn7d,1
@diepnguyen7677,@khanhnguyen5969,2
@diepnguyen9303,@XuyenLe-t2q,2
@diethuy1788,@NgungTran-u6n,1
@diethuy1788,@ngantranthibich6374,1
@dieuhienn-hin,@casautv2990,1
@dieuvo3105,@GiàuPhạm-n1b,1
@dinhdiemthuy2912,@Sandasian,1
@dinhdiemthuy2912,@votoilacogiao4159,1
@djlivolite,@lacloike6258,1
@dlpigmie354,@HuyMạc-t6g,1
@dlpigmie354,@vytuong139,1
@dungngo4681,@NgocAnhNghiaoan-ol7mo,1
@dungngo4681,@viettran6647,1
@dunguyentruong,@HuyLe-sj2mb,1
@duongbeogamer726,@vietcong99,1
@duongvo2705,@XuyenLe-t2q,1
@duyhoangnguyen7343,@HUYNGUYEN-ty3rs,1
@duyle2956,@Nhien-0410,1
@duyphamthanh2434,@HuyLeo203,3
@duyphamthanh2434,@HẢIBLING-d2c,1
@duytepkho1850,@Jackey06zz,1
@duytuanle1820,@ChanhVo-nu3rj,1
@duyvatis871,@tungvlog4756,1
@ebach9038,@dunn6193,1
@ehpnha09,@LinhLe-tl5ft,1
@ehpnha09,@NanaBling-c2g,2
@ehpnha09,@chinguyen4503,2
@ehpnha09,@lordoflaughter-mv3rk,1
@emiliesarg,@123hihi-d3t,1
@emiliesarg,@phuongly8979,3
@entrang6744,@dannychannel487,1
@fanalonghunter,@NguyenLoc-z2b,1
@fanteamq11n_11,@tamanh4831,1
@fcmobilevn.,@A-ThachThiThanhLam,1
@fcmobilevn.,@GiàuPhạm-n1b,1
@fcmobilevn.,@Minhchau-k111,1
@fcmobilevn.,@TNguyen-cl1lm,1
@fcmobilevn.,@VânNgọc-o7k,1
@fcmobilevn.,@lenhi15,1
@fcmobilevn.,@mia.ng211O,1
@firefree5660,@huyluongpham4438,1
@game1456cc,@vanvinhk5,1
@gamehay8767,@kienontherun1268,2
@gaovlog1152,@truongthinhdo501,1
@gaugaunau1781,@donnie3074,1
@gaunho789,@letra8174,2
@ggfy3456,@nguyenvuvanung,1
@ghi2904,@DatTran-u9o,1
@giabao7316,@athuynh792,1
@giabao7316,@nhathuutv2110,1
@giamyvlogs3135,@NamTran-wq8bk,1
@giamyvlogs3135,@NhiMai-h7t,1
@giamyvlogs3135,@NhânDương-b9p,1
@giamyvlogs3135,@Quynhanh-th,1
@giamyvlogs3135,@Thanhbinhbui2003,1
@giamyvlogs3135,@athoongtran3125,1
@giamyvlogs3135,@taiphan4305,1
@giamyvlogs3135,@tranphi6790,1
@gianglinh7519,@shopkennyj97,1
@gianguyen5449,@manuciansnvb9357,1
@giangvu-ph9je,@HuyLe-sj2mb,1
@giobaooctober1499,@phuong-gf1ex,1
@glinh.khuu0805,@My0000-q6z,1
@groupausencon1930,@Wyvu,1
@guagua1660,@XuânThủyCao-q4q,1
@hahieu1111aaa,@tienming8345,2
@haichung3409,@vocuong3655,1
@haidang2624,@DuongDuong-cover,1
@hailong2971,@CuộcgặpgỡcủaMiovàTA,1
@haivuongletrieu3315,@boomieesnguyen3634,1
@haivuongletrieu3315,@hunglethanh7517,1
@haivuongletrieu3315,@namphung4301,1
@hanhnguyen-mb2mt,@viettran6647,1
@haopham3667,@HuỳnhTubevlogs,1
@happy-funny-friendly6252,@KẹoYeuu-w2z,1
@haquanghuy4649,@Pleezy,1
@haru_6571,@ThanhPhat-mp5gq,1
@haru_6571,@ToanTran-qj8gl,1
@hastur1749,@LựcSlingshot,2
@hautran906,@KhanhNguyen-fb4lz,1
@hautun6072,@TaiLezx,1
@hduyen173,@BéDiên-4,1
@hduyen173,@Dogamingtv005,1
@hhhdddss,@Moitv-h8w,1
@hieuchivlogs9712,@nguyencongdoanh2004,1
@hieuchivlogs9712,@truongcontainer5528,1
@hieuphan-ik1uy,@Jackey06zz,1
@hieuphan-ik1uy,@Nhien-0410,2
@hieuphan-ik1uy,@TungNguyen-m3d,1
@hieuphan-ik1uy,@cucxilau1432,1
@hieutrong8710,@quangle-sr6vy,1
@hihi-xe7zw,@LongPhi-c6c,1
@hihi-xe7zw,@yukilee7236,1
@hinhan9x,@MinhHoangTran-xk2tr,1
@hnom25,@Vlam06,1
@hoadolar,@khiemminecraft19,1
@hoaiduong2933,@keith.daniels,1
@hoaihoai2626,@DoLucie-x6z,2
@hoaihoai2626,@octiiuskyz3485,2
@hoaivutranuc9760,@angvanlinh9349,1
@hoangace9972,@haihlm,1
@hoangduy1212,@LinhKa-e7f,1
@hoangggminhhhdeptrai,@BéDiên-4,1
@hoangkhuongduyn,@vongocphu7642,1
@hoangnamvo1534,@Chu7bem,1
@hoangnhat111,@DuongDuong-cover,1
@hoangthoai5738,@TàiVăn-z8g,1
@hoangvan1800,@ngocinh7052,1
@hoangvi7226,@LinhLanNguyễnThị-b3t,1
@hoangyen1411,@Ngkhung810,1
@hoanzkhaa,@thanhtuvu4640,1
@honganle2323,@Moitv-h8w,1
@hotrenn3305,@cuong9275,1
@hphuc014,@lamhoang4559,1
@htd190,@hoaiduong2933,2
@hungly-v5z,@Làngcủatôi,1
@hustv7445,@My0000-q6z,1
@hustv7445,@duyenmytran624,1
@huuchienang5373,@Nghĩa-f8w4b,1
@huuduy8133,@nhumai-j9p,1
@huuhieuoan7907,,1
@huuhieuoan7907,@NgocAnhNghiaoan-ol7mo,1
@huyenho3315,,1
@huyenhuynh7995,@TriNguyenQuoc2510,1
@huyhoangbui8615,@AnhPhương-s5k7w,1
@huyhoangbui8615,@KhangNguyễn-x8e,1
@huyhoangbui8615,@Wyvu,1
@huyhoangbui8615,@kelly-il6hy,1
@huyhoangbui8615,@vankhanh9344,1
@huyluongpham4438,@whalewolf9148,1
@huynguyenvlog1927,@iq.imissu,1
@huynhDương-n4h,@Fourhumanfire32,1
@huynh_tanan,@Reviewxaloo,1
@huynho-yy9yx,@tanhaingo668,1
@idfhaa367,@HânGia-k4o,1
@idolloc6010,@Lamchanhuy335,1
@idolloc6010,@Tuankietpmf,1
@idolloc6010,@banhxeo007,1
@ieatkids5406,@tinhphamvan742,1
@ilovemycheetoss,@huyfairplay3447,1
@inhhungnguyen7440,@phuvinhpham495,1
@itz_kaitoz,@vonhuy4423,1
@j1-4h,@toanbarber9161,1
@jermoua965,@Whataboutme9870.,1
@jtran6385,@nutemc264,2
@kabiIDY,,2
@kaingapeth2188,@khanhbui30,1
@kelly-il6hy,@KhangNguyễn-x8e,2
@kelly-il6hy,@LinhĐỗKim-j6s,2
@kelly-il6hy,@NhiTrầnĐông,2
@kelly-il6hy,@PhongNguyen-tv5sf,1
@kelly-il6hy,@Vanlam56789,1
@kelly-il6hy,@anphuckhang1208,1
@kelly-il6hy,@forevertaekook4063,1
@kelly-il6hy,@haunguyen-fj1mt,1
@kelly-il6hy,@huyphan9957,1
@kelly-il6hy,@manngo9704,2
@kelly-il6hy,@muhahahe2899,1
@kelly-il6hy,@mytien1370,1
@kelly-il6hy,@ngannhat883,1
@kelly-il6hy,@pumrpu8865,1
@kelly-il6hy,@thinhbui8815,1
@kemanhrang7448,@NguyễnTuấnKiệt-g5c,1
@kemanhrang7448,@user-um4kj6pn7d,1
@kemongmo09,@tienthuy7814,1
@kenhmusickhmer7491,,2
@kenttmusic543,@trinhcong1010,1
@kfkHuyKhang,@fanchihannguyen,1
@khang2412-n2,@MinhHoangTran-xk2tr,1
@khangtran-x9,@GiaGia2415,1
@khangtran-x9,@VũVũ-t3t4i,1
@khanguyen-sr5zc,@whalewolf9148,1
@khanhlinhangnguyen1688,@KẹoYeuu-w2z,1
@khiemsuthe7404,@LinhKa-e7f,1
@khoa7798,@範黃秀,1
@khoatran7540,@ToanTran-qj8gl,1
@khoatran7990,@quốckhâm-z9s,1
@khoile4706,@GiaGia2415,1
@khánhphan-j8q,,2
@kiemtienonline3657,@ViệtCườngDương-i2q,1
@kiemtienonline3657,@uttranvan8548,1
@kiemtienrub,@ThaiRaymond,1
@kietdeptrai2005,@nmhremix2409,1
@kieuanhne99,@trungvo4886,1
@kingbee8457,@Diepnhikhucvlog,1
@kingliardtd,@ZioMC09,1
@kiraishagaming,@NghiaChinh-gy6pc,1
@kiratatouille2062,@CafeCao-d9u,1
@kiratatouille2062,@nguyenphamanh9441,1
@kittie.kattie605,@hieunguyen.9609,1
@kjandmy,@bnchan2k2,2
@kocầnbt-c9f,@Cgaming1337,1
@kocầnbt-c9f,@MusicForYou-ks2bw,1
@kurokudo6063,@bebong2605,1
@kyanh9214,@123hihi-d3t,1
@kylethe1656,@lucthithiennhu850,1
@kỳminh-cbr,@dhhvlogs6499,1
@lamnguyen-up5mo,@AnhTuan-hv5mw,1
@lamnguyen4549,@ThảoVyNguyễn-r7z,1
@lamnguyen4549,@vituong2518,1
@lanhtruong5066,@AnhMai-x8i,1
@lanif123,@haosua1997,1
@lbkt-w5z,@phạmduynhật-w8w,1
@lehong3790,@17nghitruong,1
@lephuong963,@hoangsg8006,1
@letrungtin1774,@MayHong-we2xh,1
@letrungtin1774,@Mie_nyaa,1
@letrungtin1774,@NghiaChinh-gy6pc,1
@letrungtin1774,@SOLF-93,1
@letrungtin1774,@angvanlinh9349,2
@letrungtin1774,@bossangel2536,1
@letrungtin1774,@hungvo-it9ts,1
@letrungtin1774,@huyng7721,1
@letrungtin1774,@huyquang4981,1
@letrungtin1774,@khoiho262,1
@letrungtin1774,@light3279-z4b,1
@letrungtin1774,@sutisubo4240,1
@letrungtin1774,@trungtrinh8270,1
@letrungtin1774,@vantamnguyen8035,1
@letrungtin1774,@範黃秀,1
@levelupwithuyen9391,@NguyenTai-x7p,1
@lichdinh2218,@N11MõmFake,1
@liemhuynh1653,@tientranminh4512,1
@liemrau91,@bắpcảitím-k4m,1
@linhlevan3422,@MobileDe-z3r,1
@littlepoorboy09,@vucao-l2z,1
@loc11173,@phuctang28,1
@loc9002,@NguyenTai-x7p,1
@locnguyen-iq6xn,@Nguyenvu-c7,1
@loctran8782,@HuyLe-sj2mb,1
@loctran8782,@Quynhnhu2k,1
@loipham3977,@harusobad1106,1
@loivo2870,@khanhngan4213,1
@longmyocau5565,@sontal9059,1
@longpham2310,@mrnobody98246,1
@longtranthanhlong-l2i,@bongdathegioi-n9e,1
@luannguyen1526,@FullReview97,1
@luay6181,@ucHieuTran-lb5en,1
@lungao8943,@thaithanhnguyenngoc8428,1
@luubi1741,@lekimloan99,1
@lênhangj4r,@HoaiLinhNgo-r8h,1
@madlipzvn5359,@NguyenKhoa-st6il,1
@maivangquocnguyen4893,@khiemminecraft19,1
@marsontran1692,@NgocAnhNghiaoan-ol7mo,1
@mayxanh2996,@MuzikWon-o8f,1
@mduc.7500,@nht1823,1
@memaybeo1534,@dangphuc2k6,1
@metaaov,@thaithanhnguyenngoc8428,1
@mia.ng211O,@kimphung782,1
@mia.ng211O,@nancyp5097,1
@miencattrang3762,@HungTran-lh9xo,1
@miencattrang3762,@nguyenucthong188,1
@miencattrang3762,@tancao5592,1
@mientrungvietnam76,@tranhinh7910,1
@mikegaming2604,@groupausencon1930,1
@minh2764,@TriNguyenQuoc2510,1
@minhbapu07,@KhangPhạm-z4i,1
@minhchi72,@dlpigmie354,1
@minhhuuhong2893,@NghiaChinh-gy6pc,1
@minhkhanhang9599,@lekimloan99,1
@minhluanbuioan5795,@KhoiPhung-kw7wi,1
@minhtaonguyennhat7914,@rikka-cp9829,1
@minhthienbui9790,@NhutThoai,1
@minhthinhtran606,@gadeptrai35,1
@minhtienmtp65,@ThựcPhạm-h1u,1
@minhtientrannguyen-i2v,@binhthanh899,1
@minhtri9582,,2
@mintodeloc7377,@viettran6647,1
@miumiu4123,@momentfunny2229,1
@miuxTG,@AnhMai-x8i,1
@mln3845,,1
@moianhmoiem2298,,2
@mrhero6024,@PhongĐại-h3b,1
@mrnobody98246,@TheFlashGameHub,1
@mtnproducer,@Nhatkysinhtontv,1
@muathuhanoi2,@at-fx7np,1
@muathuhanoi2,@divang3210,1
@muathuhanoi2,@nguoisinhton167,1
@myhuyen187,@HuyLeo203,1
@myhuyen187,@Quynhnhu2k,1
@mytrangoanthi4181,,1
@n.duy10,@ngocan9x,1
@nafigure9703,@ngocan9x,1
@nagi.seishiroo.17,@BeletnhỏBông,1
@namduong6484,@tuitenbang,1
@namvu4164,@Chu7bem,1
@naniofficial262,@nguyengia1254,1
@nanmai1712,@d.4-h3j,1
@nataliamoniyan2209,@Duyzổ-dt07,1
@nayhach209,@phạmduynhật-w8w,1
@nganh4209,@DelightMunch,1
@nganh4209,@LuckyVN4869,1
@nganh4209,@TA-00k,1
@nganngann1104,@khanhnguyen5969,1
@ngantranthibich6374,@duyphong6307,1
@ngantranthibich6374,@luanminh-o5g,1
@ngantranthibich6374,@truongluu7929,1
@ngaongoo-xj8pu,@tathoan2293,1
@ngduy6049,@VũVũ-t3t4i,1
@nghiaduong5801,@MinhHảiVõ-y1g,1
@ngoc_nhu_9_7,@ToanTran-qj8gl,1
@ngocmai6046,@xuanquocnguyen8103,1
@ngocnghechhuyen2492,@nagi.seishiroo.17,1
@ngocsonvu3147,@bebong2605,2
@ngtreneodon,@hoangtram8126,1
@ngtt07,@nhanhuu8844,1
@nguyenbella4016,@kimphung782,1
@nguyenbienphongnguyenbienp7041,@xuanquocnguyen8103,1
@nguyenduykhanh3846,@Reviewxaloo,1
@nguyenduykhanh3846,@taihuu7559,1
@nguyenhieu8089,@DinCaoHai,1
@nguyenhieubsecopark8031,@kiettuan4198,1
@nguyenhoangquynhnhu3885,@TriNguyenQuoc2510,1
@nguyenhoangyennhi3284,@bemewhuhong,1
@nguyenhuequynhnhu7722,@fanchihannguyen,1
@nguyenlamlam-p2g,@whalewolf9148,1
@nguyenngockieudiem7660,@haolamanh-e2k,1
@nguyenthikieuduyen7945,@90UnclePi,1
@nguyenthimyhau7362,@MaikhánhVăn-b8d,1
@nguyentienson9405,@ThảoVyNguyễn-r7z,1
@nguyenvanthang6501,@FullReview97,1
@nguyenvanthang6501,@bnchan2k2,1
@ngânthảo-j4t,@BangKhanh-kb6wc,1
@ngânthảo-j4t,@HuyPham-ye5xy,1
@ngânthảo-j4t,@huypham904,2
@ngôlinh-y3t,@TienLe-ns2fu,1
@nhaanz26,@Nguyenvu-c7,1
@nhachayremix4555,@123hihi-d3t,1
@nhachayremix4555,@NgungTran-u6n,2
@nhachayremix4555,@NgânNguyễn-s1b9m,1
@nhachayremix4555,@PhuongNguyen-hp3ek,2
@nhachayremix4555,@QuyenVungoc-n2b,1
@nhachayremix4555,@TomPCxThienPhu,1
@nhachayremix4555,@VũVũ-t3t4i,1
@nhachayremix4555,@nht1823,1
@nhachayremix4555,@phucvu1411,1
@nhachayremix4555,@tiensinguyen6216,1
@nhachayremix4555,@tinhphamvan742,1
@nhacviethot208,@NghiaChinh-gy6pc,1
@nhankc-qm1us,@bắpcảitím-k4m,1
@nhathuutv2110,@xuyentabao,1
@nhatlanvo7891,@quocbaoletran4872,1
@nhatphilu306,@VanutPhan-o1v,1
@nhiha9866,@vietcong99,1
@nhiinhii6801,@thanhngannguyenthi5046,1
@nhioan8637,@TháiNgu-e2l,1
@nhitran-ov2yh,@BinhVothanh-j6o,1
@nhitruong4029,@MobileRealme-md4lb,1
@nhn1002,@duyenmytran624,1
@nhocem-ry5qv,@HoangLamNguyen-x5f,1
@nhoctranbao9871,@Hoangnguyen00,1
@nhuley,@Làngcủatôi,1
@nhumai-j9p,@phongcuu9078,1
@nhumai-j9p,@vuomom5492,1
@nhunghong6081,@BangKhanh-kb6wc,1
@nightcore-NamTran,@MobileDe-z3r,1
@nii20608,@giangcoii2k4,1
@ninee-x2j,@Mp-if3tg,1
@ninhnguyennhut7399,@minhphuongnguyentran,1
@nmp.1234,@NghiaNguyen-qo1qb,1
@noleotop,@chochieuchieu1500,1
@np2252,@vanthaonguyen8640,1
@ntth._.2510,@nhanhuu-b1j,1
@nyph7955,@NekKhánh-i5y,1
@officialhoangvu9151,@kentrocchannel,1
@officialhoangvu9151,@kiohono1988,1
@oktivi4186,@choinh8151,1
@ongnhuttruong8943,@taihuu7559,1
@ongtan6354,@NguyenVuPhuong2023,1
@onlyhs_lucas,,1
@phacthaianh980,@MobileDe-z3r,1
@pham_yenyi,@KẹoYeuu-w2z,1
@phamduynhat2913,@ThưNguyễnHuỳnhAnh-r6i,1
@phamduynhat2913,@vivutv4416,1
@phamtam6607,@TrangNguyễn-n5j,1
@phamtuyenvlog,@XuyenLe-t2q,1
@phanduybao9977,@hientu5193,1
@phanminh3909,@BeletnhỏBông,1
@phat2906,@NvHieu1102,1
@phatfi355,,2
@phidungdev,@NgHiếu_13,1
@phongnguyenthanh727,@Pleezy,1
@phongthailamofficial8801,@Moitv-h8w,1
@phucdaoviet8821,@QuynhAnh-xinhdep,1
@phucvu1411,@chibi3453,1
@phuiogialai,@KhuongThái-c9u,1
@phuoccangpham2277,@HaiPham-dg7jt,1
@phuoccangpham2277,@duypham7983,1
@phuoccangpham2277,@penganvlog164,1
@phuocmai5125,@RyomenSukunaVN,1
@phuong5008-i1,@dlpigmie354,1
@phuongduc7981,@luanminh-o5g,1
@phuongthao.exe1,@LongHàVăn-z3f,1
@phuongthuynguyen6087,@TrangNguyễn-n5j,1
@phuonguyennguyen1338,@HuỳnhTubevlogs,1
@phuonguyennguyen1338,@NganTea__Miuuu,1
@phuthangle6229,@thai26songmatv,1
@phuthien1727,@YếnĐặng-x7w,1
@phuthien1727,@sern.8130,1
@phátkotuổi,@haosua1997,1
@piyomaru_utya,@LongPhi-c6c,1
@piyomaru_utya,@bắpcảitím-k4m,1
@piyomaru_utya,@chinguyen4503,1
@pnvlogs8746,@kimphung782,1
@posiedolphin9617,@QuyenVungoc-n2b,1
@ptnhi2652,@phuongly8979,1
@ptyyt,@bossangel2536,1
@pwy.7457,@keith.daniels,1
@qian_qy,@ngocquy8695,1
@quanbuiangphat3512,@oktivi4186,1
@quangpham9980,@NgungTran-u6n,1
@quemai564,@Cogaithang9,1
@quemai564,@phimchautinhtri14,1
@quetranlengoc4906,@Hoangnguyen00,1
@quocthai.1904,@XuânThủyCao-q4q,1
@quocthai.1904,@khiemminecraft19,1
@quoctoantran1101,@kiettuan4198,1
@quocvinhnguyen3430,@mychau2486,1
@quyam2957,@happy-funny-friendly6252,1
@quyen__2575,@pumrpu8865,1
@quynguyentho3385,@BảoQuân-m8m,1
@quyquy9971,,1
@raaebhđu,@hoangsg8006,1
@raintran3317,@ThangNguyen-ry9jt,1
@rauma-u3m,@vivutv4416,1
@re-inn,@chitoannguyen1324,1
@registered-737,@AnhTuyết-e7v,1
@rei_z14,@NguyenBachVo,1
@reviewphimhay257,@PhuongNguyen-hp3ek,1
@risekhang1218,@BoTomBop,1
@ryuuou1613,,1
@sambao9636,@namphung4301,1
@senkophan,@nancyp5097,1
@sieuca252,@LLT_CML,1
@siinhoo999,@Diepnhikhucvlog,2
@smilesmile4579,@truongcontainer5528,1
@socPQ,,1
@sonhoangvlogs5786,@Làngcủatôi,1
@sonlam6436,@TuyetTran-wt6dd,1
@sorax7549,@Mrnguyen19,1
@sorax7549,@duyphamthanh2434,2
@sskjkG,@TuyếtTrần-d5b,1
@ssr6stars,@duongminhkhoi3161,1
@sunsiu8303,@nguysilshdn7419,1
@suongtran6725,@TuyếtTrần-d5b,1
@syvong897,@bemewhuhong,1
@tailui,@MinhpreGamer,1
@tamu6031,@Mie_nyaa,1
@tano9771,@MyLê-w3q,1
@thaibao9402,@nguyengia1254,1
@thaihiep7430,@BangKhanh-kb6wc,1
@thaihiep7430,@phivuong07,1
@thangao5448,@NhatCapital,1
@thanhat9336,@nguyensanhkhoii5745,1
@thanhchuc279,@dunn6193,1
@thanhcongnguyen263,@at-fx7np,1
@thanhf3533,@HaTran-yi8pc,1
@thanhhong645,@DuongHoang-o2w,1
@thanhhong645,@phuvinhpham495,1
@thanhkhoa1406,@mychau2486,1
@thanhnguyen-gs4db,@nancyp5097,1
@thanhnhưnguyễn-g2x,@NghiaChinh-gy6pc,1
@thanhtran-jg2hh,@HoangThinh-ToHi,1
@thanhtuando5114,@HuyLeo203,1
@thanhtuvu4640,@NgocAnhNghiaoan-ol7mo,1
@thaoeptrai157,@Pandateddy,1
@thaomy8508,@luanminh-o5g,1
@thaydoi1990,@ToanTran-qj8gl,1
@thaydoi1990,@doublet267,1
@thecityshark,@ThoaiNguyen-vt2nu,1
@thevinhluong2929,@Sot.cay_1,1
@thevinhluong2929,@TaiLezx,1
@thicute4446,@RonalsoCristinal,1
@thienanle719,@NiBnuoch,1
@thienblue,@truongkhokhao8590,1
@thienngovan3422,@Connit92,1
@thiennguyen.30.12,@bắpcảitím-k4m,1
@thienphu08,@hoainam1897,1
@thienphung4814,@idkroblox2010,1
@thienvu3517,@lekimloan99,1
@thile6053,@ucHieuTran-lb5en,1
@thimuoinguyen9387,@Scenery-w3z,1
@thingocnhinguyen-sn4dv,@DatTan-w1q,1
@thingocnhinguyen-sn4dv,@PhuongThuy-fo5hp,1
@thingocnhinguyen-sn4dv,@phongang1413,1
@thingocnhinguyen-sn4dv,@vdugnx_0212,1
@thinh3541,,2
@thinhle3667,@phugia-m2g,2
@thinhpham0904,@XuanDinh-z2n,1
@thinhquoc2709,@duyphong6307,1
@thinhthichditour,,2
@thoaidien319,@F22RapTor-Sidewinder,1
@thoaidien319,@Gấu1m83,1
@thoaidien319,@truongthinhdo501,1
@thoaidien319,@uyênmai-j8m,1
@thuanh_65,,1
@thuanh_65,@Hoangnguyen00,1
@thuantran-hj6bc,@thuongbe2943,1
@thuongblack1027,@GhiLyly-jg4zg,1
@thuonginhngoc4680,@duyenmytran624,1
@thuongpham12345,@TuanHoang-gv9dj,1
@thuyhangnguyenthi2729,@ThanhTamPham-tw5yr,1
@thuynhu2913,@tocuccung1903,1
@tienminhnguyen1206,@Làngcủatôi,1
@tientrocgunpla,@nhathuutv2110,1
@tieulongvo8399,,1
@tiku2213,@NamPham-pf4tx,1
@tiku2213,@titi22200,1
@tinbui3556,@-AiMy-A,1
@tinbui3556,@HanNghien21190,2
@tinbui3556,@HieuTran-wn7rp,1
@tinbui3556,@KhangNguyễn-x8e,1
@tinbui3556,@ccds-h2c,1
@tinbui3556,@chiphan4651,1
@tinbui3556,@duynotfound,1
@tinbui3556,@hoadao-p8j,1
@tinbui3556,@hongsonphan2720,1
@tinbui3556,@huyduong-rj8oz,1
@tinbui3556,@luongnguyen7825,2
@tinbui3556,@manngo9704,3
@tinbui3556,@namphung4301,2
@tinbui3556,@nhumai-j9p,2
@tinbui3556,@phongcuu9078,1
@tinbui3556,@phuquynguyenvan497,1
@tinbui3556,@vuomom5492,1
@tinbui3556,@ynhicti2811,1
@tinbui3556,@ĐinhQuang-i7k,1
@tinbui3556,@ĐôngTrần-t2d,1
@tinhbuicong3008,@MinhRashford269,1
@tinpham3070,@HoangNguyen-xd5ls,1
@tinphan813,@HươngQuêTV2610,1
@tinphan813,@thanhoscar779,1
@tiny8189,@HuỳnhTubevlogs,1
@titi22200,@kiettuan4198,1
@tlmusic5285,@dunn6193,1
@toanthaytrong,@phunghoang7916,1
@toantong12,@YếnĐặng-x7w,1
@totieumuoi5298,@rikka-cp9829,1
@tqqq28,@Flash_render88,1
@traanleehuy,@vivutv4416,1
@traidepvietnam-z8r,@HanNghien21190,1
@traidepvietnam-z8r,@HieuTran-wn7rp,1
@traidepvietnam-z8r,@HoangThien2402,2
@traidepvietnam-z8r,@HuyLe-i2j,1
@traidepvietnam-z8r,@KhangNguyễn-x8e,1
@traidepvietnam-z8r,@buinhi-z4l,2
@traidepvietnam-z8r,@ccds-h2c,3
@traidepvietnam-z8r,@chiphan4651,1
@traidepvietnam-z8r,@ditran7301,1
@traidepvietnam-z8r,@dlpigmie354,1
@traidepvietnam-z8r,@juliedangiu0810,1
@traidepvietnam-z8r,@khanhoanho6214,1
@traidepvietnam-z8r,@ngatran8145,1
@traidepvietnam-z8r,@nhannhok9403,1
@traidepvietnam-z8r,@nkhang123,1
@traidepvietnam-z8r,@thanhat8238,1
@traidepvietnam-z8r,@thuanthuan5362,1
@traidepvietnam-z8r,@tuanthanh-hh3kp,1
@traidepvietnam-z8r,@uchungangnguyen3307,1
@traidepvietnam-z8r,@vovankhun1,1
@traiđẹp-o6c2h,@DinCaoHai,1
@tramchauthi1507,@Nguyen2008-r6c,1
@trananhkhoa9374,@LLT_CML,1
@trang6864,@tieuminhthien,1
@traninhthang5307,@khanhnguyen5969,1
@trannam6636,@dkhuongbarber0766,1
@tranquocphap,@manhdomino7771,1
@triettranminh4933,@huanminh5555,1
@trieuquang5261,@nhht6142,1
@trieuvyle4742,@90UnclePi,1
@trihuynhthanh4452,@VuNguyen-nj4gq,1
@tronghjeubk,@DuyNguyen-fk1mp,1
@tronghjeubk,@Tuankietpmf,1
@tronghjeubk,@ntk2407,1
@tronghjeubk,@tienphamtv4008,1
@trongkien7137,@KimtheTranthi-o4n,1
@trongle9909,@BoTomBop,1
@trongphucho1437,@quốckhâm-z9s,1
@trongphucle299,@tuthien-y4k,1
@truclengocphuong3400,@keith.daniels,1
@trunghieunguyen4953,@Whataboutme9870.,1
@trunghieuvu6262,@d.4-h3j,1
@trunghoang1926,@groupausencon1930,1
@trunghoang1926,@quốckhâm-z9s,1
@trunghoang1926,@ucHieuTran-lb5en,1
@trungnam87,@VanvinhTruong-d2m,1
@trungtin5087,@LâmBùo-d7n4g,1
@truongminh9369,@banhkha9784,1
@truongtran2377,@TâmVõMinh-o8m,1
@truongtran2377,@phucfake6237,1
@trầnanh-g7j,@nguyencongdoanh2004,1
@ttqvlog8548,@huanminh5555,1
@tuanan2724,@Hippuuu,2
@tuanan2724,@Jolie-x8m,1
@tuanan2724,@LinhTa-m3e,1
@tuanan2724,@NhatThe-j1g,1
@tuanan2724,@NhutNguyen-l1j,1
@tuanan2724,@XiTrum-vu2yz,1
@tuanannguyen141,@hoangtram8126,1
@tuanductran4546,@trangchannel3293,1
@tuilapwenn,@ThanhTamPham-tw5yr,1
@tungnhu9997,@BoTomBop,1
@tungnhu9997,@duyphong6307,1
@tunguc2993,@xuyentabao,1
@tuyettrinn21,@Hiếuu86,1
@tuyettrinn21,@duongminhkhoi3161,1
@tuyetxuan132vn,@FullReview97,1
@ucNguyen-sc1rx,@luongnguyen7825,2
@ucNguyen-sc1rx,@nguyenphamanh9441,2
@ucnguyennhu6206,@kiettuan4198,1
@ucphannguyenvu863,@NhatCapital,1
@unndonquixote1847,@dunn6193,1
@usedheo,@Thảo-q9h,1
@usedheo,@phátkotuổi,1
@uttamhoang8140,@VuNguyen-nj4gq,1
@uyenuyen9291,@ginbot8000,1
@uynguyen893,,2
@vanhaotran8674,@flocony7267,1
@vanhienngo3594,@MinhRashford269,1
@vanhoailinhduong,@hunglethanh7517,1
@vanluon2473,@PhuongNguyen-hp3ek,1
@vannghia222,@BinhGiang-ne5rw,1
@vannghia222,@MiNg-s7c,1
@vannghia222,@Minhdz1206,1
@vannghia222,@NhịnHoàng-l7b,1
@vannghia222,@deptraizo9285,1
@vannghia222,@hahaha-e9j8x,1
@vannghia222,@thihienTran-t4s,1
@vantanthphan9392,@Nghĩa-f8w4b,1
@vantanthphan9392,@taivlog007,1
@vienle9335,@Nhatkysinhtontv,1
@vietnguyen4957,@ĐứcThanhNguyễn-g2n,1
@viluntv1,@groupausencon1930,1
@vinhthai5154,@28trongminh87,1
@vinhthe2617,@ngantranthibich6374,1
@vinn5203,@rikka-cp9829,1
@vohoangnam4558,@zandyti,1
@vominh6211,@tathoan2293,1
@votanan420,@bongdathegioi-n9e,1
@vovankhun1,@hienchauthanh8190,1
@voyeunalien,@NhatThe-j1g,1
@vt2306,@HoangThinh-ToHi,1
@vthucanh_,@dunn6193,1
@vuivelachinh-e3p,@NguyenVuPhuong2023,1
@vukhoale7577,@minhphuongnguyentran,1
@vydao8798,@boomieesnguyen3634,1
@vyhoa6397,@NgungTran-u6n,1
@vyhoa6397,@whalewolf9148,1
@win7622,@giabao-u3b9z,1
@wqin0702,@NguyenHuy-or1sq,1
@xemchovui09,@Khang-u5v4u,1
@ximmod,@NanaBling-c2g,1
@xuannechanel5894,@phugia9539,1
@xuanquangnguyen6341,@BoTomBop,1
@xuantai2015,@HoaiLinhNgo-r8h,1
@xuantai2015,@atnguyenquoc4615,1
@xuyentruong3724,@ChanhVo-nu3rj,1
@yamatekudasai5833,@NguyenDuyKhangg,1
@yamatekudasai5833,@hoadao-p8j,1
@yanglc9620,@NgôTuấnanh-f3d,1
@ycute6155,@trangchannel3293,1
@yenvy1523,@minhtriet1959,1
@yosakana,@DungTran-wi6vw,1
@yournameislove-l8s,@Aephonehue,2
@yournameislove-l8s,@luccaungang8480,1
@zijnn,@TheFlashGameHub,1
@zip8293jd,@Nghĩa-f8w4b,1
@zipbi6928,@HươngQuêTV2610,1
@zipbi6928,@KhangPham-uw4bb,1
@zipbi6928,@ThanhTriOfficial,1
@zipbi6928,@baonamnguyen2516,1
@zipbi6928,@bemewhuhong,1
@zipbi6928,@hanicrochet94,1
@zipbi6928,@nguyennguyenminhae233,1
@zipbi6928,@pdvlogs409,1
@zipbi6928,@phuctang28,1
@zoeyng9853,@hwiee55,1
@zoroVN259,@MinhHoangTran-xk2tr,1
@zxelectrical9786,@BangKhanh-kb6wc,1
@ÝNhư-z2b5y,@MobileDe-z3r,1
@Đc2000subdoiten,@athuynh792,1
@ĐăngNguyễnNgọcHải-d8g,@ThamNguyen-zf1rl,1
@ĐạtHồTấn-s8i,@LEDUCDUY-9528,1
@ĐồngLinhHuy,@khiemminecraft19,1
@ũtomquay,@HuyLeo203,1
@しまかぜ-k5v,@EhbSgb,1
@グエンルアン-s3z,@trinhcong1010,1
@读到这段话的人是条狗,@ĐườngDuy-k5w,1
